{
  "cell": [
    [
      45.0,
      0.0,
      0.0
    ],
    [
      0.0,
      33.695,
      0.0
    ],
    [
      0.0,
      0.0,
      73.06827300000002
    ]
  ],
  "sites": [
    {
      "coords": [
        13.003050000000002,
        7.530832500000002,
        52.33933783333333
      ],
      "energy": -3.8826000690460205
    },
    {
      "coords": [
        13.9077,
        10.171958916666668,
        52.14615316666667
      ],
      "energy": 0.40619999170303345
    },
    {
      "coords": [
        13.003050000000002,
        24.3783325,
        52.33933783333333
      ],
      "energy": -3.883500099182129
    },
    {
      "coords": [
        13.9077,
        27.019458916666665,
        52.14615316666667
      ],
      "energy": 0.40619999170303345
    }
  ]
}